time	id	name	score	json_payload
2015-10-05 08:10:23 +0900	0	Mia O'Conner	-4432.147926744348	{"phone_numbers":["526-126-8730 x85186"],"profile":{"like_words":["quos","non","nemo"],"anniversary":{"sint":"illo","excepturi":"debitis"}}}
2015-10-08 21:44:59 +0900	1	Eliseo Corwin	4141.920717554467	{"phone_numbers":["159.825.1601 x397","(290) 974-1618"],"profile":{"like_words":["reprehenderit","dolores","impedit"],"anniversary":{"est":"magnam","quisquam":"placeat"}}}
2015-10-05 03:11:55 +0900	2	Ms. Scottie Volkman	-4923.820691996172	{"phone_numbers":["883-990-2673 x58967"],"profile":{"like_words":["aliquid","voluptates","rerum"],"anniversary":{"consectetur":"soluta","nam":"magnam"}}}
2015-10-08 05:14:09 +0900	3	Darron Schmitt	384.20484517056656	{"phone_numbers":[],"profile":{"like_words":["sunt","dolor","ut"],"anniversary":{"eos":"perferendis","vel":"et"}}}
2015-10-09 10:06:19 +0900	4	Laisha Rosenbaum	-36.09181108735629	{"phone_numbers":["(267) 815-9974 x2753","1-739-737-2677","142-509-2771 x728"],"profile":{"like_words":["nostrum","quia","consequatur"],"anniversary":{"sint":"non","eveniet":"maiores"}}}
2015-10-08 09:26:18 +0900	5	Bettye Jerde	2067.063545459357	{"phone_numbers":["433.244.7780 x555"],"profile":{"like_words":["rerum","iusto","voluptatem"],"anniversary":{"culpa":"et","et":"deserunt"}}}
2015-10-07 07:33:53 +0900	6	Freda Schuppe	-54.355276456200954	{"phone_numbers":["286-465-6157","(659) 856-2332"],"profile":{"like_words":["omnis","quae","architecto"],"anniversary":{"officiis":"quae","at":"ipsa"}}}
2015-10-05 07:36:48 +0900	7	Demond Tillman	1790.7849156701966	{"phone_numbers":["(207) 173-0935 x47707","(972) 611-2550"],"profile":{"like_words":["quidem","impedit","expedita"],"anniversary":{"asperiores":"a","ipsum":"saepe"}}}
2015-10-08 13:42:55 +0900	8	Avery Emard	-795.5506210493577	{"phone_numbers":["931.322.0451 x775","685.790.4415","321.786.6118 x74847"],"profile":{"like_words":["autem","aut","est"],"anniversary":{"ut":"et","esse":"ea"}}}
2015-10-10 03:40:54 +0900	9	Beaulah Grant DVM	4856.4772863895005	{"phone_numbers":["(556) 947-8678 x481"],"profile":{"like_words":["quaerat","aut","ratione"],"anniversary":{"labore":"ut","et":"et"}}}
2015-10-10 05:10:46 +0900	10	Jamarcus Schoen	-3356.545064939012	{"phone_numbers":[],"profile":{"like_words":["animi","cum","nisi"],"anniversary":{"quisquam":"accusantium","pariatur":"voluptates"}}}
2015-10-07 04:53:59 +0900	11	Cordelia Heathcote	3677.9704061710245	{"phone_numbers":["687.035.6606 x703","593-641-9937","726.781.6265","627-199-3309"],"profile":{"like_words":["voluptatem","alias","consequuntur"],"anniversary":{"eligendi":"qui","iste":"qui"}}}
2015-10-05 18:38:21 +0900	12	Mrs. Ruben Jacobs	-4326.797128066129	{"phone_numbers":["375-322-6447 x9836","953-138-8777","555-092-8829 x83248","949-188-3386"],"profile":{"like_words":["repudiandae","fugiat","non"],"anniversary":{"saepe":"omnis","magnam":"ut"}}}
2015-10-05 01:14:21 +0900	13	Justen Walker	2477.6985700696196	{"phone_numbers":["855-907-8574","(976) 723-8109","(980) 148-4296 x3667","(357) 797-9272"],"profile":{"like_words":["soluta","sequi","iste"],"anniversary":{"quia":"magnam","ipsam":"tenetur"}}}
2015-10-07 18:53:35 +0900	14	Miss Alexandria Leffler	-2466.0293261283027	{"phone_numbers":["225.599.7194 x67319","425-992-4931"],"profile":{"like_words":["repellat","harum","qui"],"anniversary":{"illum":"molestiae","quo":"blanditiis"}}}
2015-10-06 11:02:13 +0900	15	Melisa Skiles MD	733.7832053401049	{"phone_numbers":["304-000-3480 x15596"],"profile":{"like_words":["officiis","explicabo","consequatur"],"anniversary":{"blanditiis":"esse","aliquam":"odit"}}}
2015-10-09 00:52:48 +0900	16	Ms. Elroy Parker	-3967.506123266601	{"phone_numbers":["246-141-8677 x4197","(136) 752-9726","809.409.3699","902-521-0567"],"profile":{"like_words":["quasi","fuga","omnis"],"anniversary":{"nam":"at","expedita":"molestias"}}}
2015-10-10 19:10:43 +0900	17	Otis McLaughlin	41.921872490003274	{"phone_numbers":["685-076-3279 x423","471.082.7331","547.369.7831 x65400"],"profile":{"like_words":["cum","enim","quam"],"anniversary":{"fugiat":"odio","vel":"expedita"}}}
2015-10-06 00:15:26 +0900	18	Monroe Toy	-2117.075170733252	{"phone_numbers":["557-825-7955 x297","1-689-083-3688","337-341-5766 x97345","(337) 641-8782"],"profile":{"like_words":["voluptas","rerum","omnis"],"anniversary":{"aut":"a","error":"id"}}}
2015-10-06 10:38:02 +0900	19	Alivia Kutch	1666.501904905476	{"phone_numbers":["162-110-6468 x54381","710.874.3750","270.467.1847","663.378.7781"],"profile":{"like_words":["vero","numquam","fugit"],"anniversary":{"fugit":"sit","molestias":"non"}}}
2015-10-05 14:57:52 +0900	20	Aliya Carroll	-2825.147540051555	{"phone_numbers":[],"profile":{"like_words":["sequi","sit","quia"],"anniversary":{"voluptas":"eligendi","et":"qui"}}}
2015-10-05 22:37:44 +0900	21	Mr. Christelle Lemke	3545.5078403636953	{"phone_numbers":["1-988-683-6373 x3417","1-114-546-7179","(828) 333-9781 x4034","482-338-3516"],"profile":{"like_words":["praesentium","quo","omnis"],"anniversary":{"autem":"deserunt","facere":"et"}}}
2015-10-06 19:04:25 +0900	22	Alfred Steuber DDS	-4212.973988909887	{"phone_numbers":["274-932-2282","1-220-790-1508"],"profile":{"like_words":["tenetur","asperiores","dolorem"],"anniversary":{"rem":"rerum","expedita":"itaque"}}}
2015-10-09 05:23:33 +0900	23	Mrs. Sven Borer	2223.4432089373868	{"phone_numbers":[],"profile":{"like_words":["laboriosam","nobis","delectus"],"anniversary":{"sed":"rerum","esse":"perferendis"}}}
2015-10-05 23:16:24 +0900	24	Troy Jacobi PhD	-510.864561420899	{"phone_numbers":[],"profile":{"like_words":["exercitationem","dolore","fuga"],"anniversary":{"assumenda":"pariatur","asperiores":"aliquid"}}}
2015-10-06 01:22:03 +0900	25	Cameron Olson	1836.6844742435364	{"phone_numbers":["516.957.2369 x0302","(372) 824-8008","1-186-456-7642 x82905"],"profile":{"like_words":["ipsum","placeat","pariatur"],"anniversary":{"cumque":"voluptatem","aliquid":"voluptatum"}}}
2015-10-09 17:10:32 +0900	26	Fanny Lowe	-2445.060696684425	{"phone_numbers":["143.973.2642 x3661","781-316-1042","605.801.4647","872-047-5459"],"profile":{"like_words":["itaque","dolor","enim"],"anniversary":{"nesciunt":"incidunt","nemo":"voluptatem"}}}
2015-10-08 03:51:09 +0900	27	Ova Zboncak	431.867126203884	{"phone_numbers":["1-489-050-1902","939.054.8765","967.419.3526","1-987-200-4012"],"profile":{"like_words":["similique","suscipit","laborum"],"anniversary":{"eius":"et","officiis":"eius"}}}
2015-10-09 17:54:53 +0900	28	Lauren Schneider	-3685.0365213245814	{"phone_numbers":["1-961-415-9753 x62722","1-404-301-3707","703.369.6060 x823","(762) 275-0701"],"profile":{"like_words":["magnam","enim","qui"],"anniversary":{"voluptate":"adipisci","consequatur":"ab"}}}
2015-10-08 13:24:57 +0900	29	Stephania Leuschke IV	2412.786778831686	{"phone_numbers":[],"profile":{"like_words":["ab","iste","nemo"],"anniversary":{"vel":"ad","voluptate":"rerum"}}}
2015-10-07 23:56:35 +0900	30	Imogene Lynch IV	-1349.0703874355058	{"phone_numbers":["703-268-1499","293.299.7856"],"profile":{"like_words":["et","sunt","facere"],"anniversary":{"et":"nostrum","quos":"est"}}}
2015-10-10 20:26:25 +0900	31	Guy Tromp	605.3767685907243	{"phone_numbers":["200.597.1001 x7170","433.328.4577","289-683-0581"],"profile":{"like_words":["ab","magni","tempore"],"anniversary":{"eaque":"voluptas","nobis":"tempore"}}}
2015-10-06 03:55:39 +0900	32	Brown Grady	-817.0288409574459	{"phone_numbers":["418.042.8327 x08326"],"profile":{"like_words":["et","voluptatibus","sit"],"anniversary":{"dolores":"quas","est":"dolor"}}}
2015-10-07 10:11:14 +0900	33	Ali Kuphal	539.2035186478329	{"phone_numbers":["(477) 984-2279"],"profile":{"like_words":["sit","cupiditate","reprehenderit"],"anniversary":{"ut":"qui","natus":"voluptatem"}}}
2015-10-05 08:47:35 +0900	34	Mr. Madie Fahey	-4455.177143750284	{"phone_numbers":[],"profile":{"like_words":["a","id","ut"],"anniversary":{"sint":"adipisci","commodi":"dolor"}}}
2015-10-05 11:53:59 +0900	35	Miss Kelsie Bednar	4546.606323682607	{"phone_numbers":["1-848-906-8815 x014"],"profile":{"like_words":["nihil","tempora","aut"],"anniversary":{"natus":"repellat","iste":"dolores"}}}
2015-10-05 02:12:38 +0900	36	Dwight Kirlin	-4212.797117815089	{"phone_numbers":["503-598-6151 x425","463-136-1004","1-779-383-7884 x124","1-120-764-4385"],"profile":{"like_words":["omnis","quo","ipsum"],"anniversary":{"qui":"aspernatur","sapiente":"nostrum"}}}
2015-10-09 02:04:26 +0900	37	Nathen Graham	3368.4562257188736	{"phone_numbers":["903-402-9561","479-370-6943"],"profile":{"like_words":["et","vitae","magni"],"anniversary":{"illo":"occaecati","rem":"eum"}}}
2015-10-06 23:00:36 +0900	38	Mr. Odell Bashirian	-4360.869166375782	{"phone_numbers":["633-649-3012","(128) 799-7487"],"profile":{"like_words":["quae","unde","ut"],"anniversary":{"assumenda":"laudantium","sit":"ut"}}}
2015-10-07 10:43:36 +0900	39	Werner Macejkovic	377.34447698833475	{"phone_numbers":["1-372-789-5800","1-825-339-3406","1-990-882-0560","120-609-2162"],"profile":{"like_words":["repellat","excepturi","blanditiis"],"anniversary":{"et":"rerum","odio":"distinctio"}}}
2015-10-07 17:19:16 +0900	40	Oran Reichert	-1809.4313301988077	{"phone_numbers":["(114) 508-7391 x164","(137) 390-1658","579-827-6793","(833) 813-6077"],"profile":{"like_words":["velit","numquam","voluptatem"],"anniversary":{"temporibus":"animi","ullam":"quia"}}}
2015-10-05 07:08:45 +0900	41	Manuela Zieme	200.43605836432232	{"phone_numbers":["214.417.1892 x28832","(539) 218-2580","465-109-2939"],"profile":{"like_words":["id","officia","vero"],"anniversary":{"velit":"officia","quo":"aliquam"}}}
2015-10-06 05:28:32 +0900	42	Makenzie Corwin Sr.	-3521.5132009323843	{"phone_numbers":["326-644-1157"],"profile":{"like_words":["iure","quasi","aut"],"anniversary":{"et":"quos","sunt":"harum"}}}
2015-10-10 01:22:30 +0900	43	Dulce Gottlieb	2819.4211343193597	{"phone_numbers":["(655) 104-7428 x4269","(189) 685-9093"],"profile":{"like_words":["quis","quis","et"],"anniversary":{"soluta":"et","tempore":"consequuntur"}}}
2015-10-06 20:09:31 +0900	44	Thurman Heathcote I	-2917.7015036706885	{"phone_numbers":["1-185-603-3249 x71297","1-768-984-7735"],"profile":{"like_words":["vel","dolor","molestiae"],"anniversary":{"quidem":"molestias","sit":"aut"}}}
2015-10-06 23:29:06 +0900	45	Chance Wunsch	1788.899961293288	{"phone_numbers":["(492) 144-3322 x80003"],"profile":{"like_words":["sequi","est","quis"],"anniversary":{"illo":"nemo","non":"libero"}}}
2015-10-06 22:27:39 +0900	46	Dr. Melvina Hessel	-4155.922575808523	{"phone_numbers":["1-308-675-4320 x14340","759-304-6742"],"profile":{"like_words":["aspernatur","labore","sit"],"anniversary":{"quisquam":"qui","deserunt":"iure"}}}
2015-10-05 06:11:22 +0900	47	Mr. Milton Bins	4397.56947198665	{"phone_numbers":["168-587-1495 x698","404-543-4201"],"profile":{"like_words":["est","aut","neque"],"anniversary":{"quibusdam":"quia","excepturi":"quaerat"}}}
2015-10-09 18:11:08 +0900	48	Jimmy Tremblay	-4980.342360050686	{"phone_numbers":["701-193-3725"],"profile":{"like_words":["eveniet","aut","dolores"],"anniversary":{"dolor":"sint","esse":"autem"}}}
2015-10-06 02:47:21 +0900	49	Hudson Kessler	1643.9162923395315	{"phone_numbers":["423-661-2592 x0360"],"profile":{"like_words":["sint","rem","consectetur"],"anniversary":{"voluptates":"sed","illo":"et"}}}
2015-10-06 10:40:01 +0900	50	Alfonzo Franecki	-726.1223452630866	{"phone_numbers":[],"profile":{"like_words":["repellendus","dolorem","ut"],"anniversary":{"molestiae":"ullam","non":"perferendis"}}}
2015-10-06 07:29:43 +0900	51	Dr. Herbert Larson	4352.946634639404	{"phone_numbers":["(424) 413-6525 x0131","199-332-4161","560-722-0573 x1787"],"profile":{"like_words":["soluta","non","a"],"anniversary":{"asperiores":"ab","doloremque":"optio"}}}
2015-10-10 16:46:42 +0900	52	Verner Klein	-2048.28897102871	{"phone_numbers":[],"profile":{"like_words":["et","aut","amet"],"anniversary":{"magnam":"corrupti","qui":"minus"}}}
2015-10-09 02:14:51 +0900	53	Dr. Tyrell Kohler	2105.350503921706	{"phone_numbers":[],"profile":{"like_words":["illo","et","consequuntur"],"anniversary":{"sequi":"voluptates","iusto":"officiis"}}}
2015-10-05 09:37:56 +0900	54	Shannon Rolfson	-1052.1254067200343	{"phone_numbers":[],"profile":{"like_words":["sed","quis","tenetur"],"anniversary":{"quia":"quidem","blanditiis":"assumenda"}}}
2015-10-09 15:24:42 +0900	55	Derek Koelpin	3470.838642803441	{"phone_numbers":["467-152-4446 x23571","(579) 395-2764","1-554-002-7634 x4583","1-558-599-5530"],"profile":{"like_words":["qui","voluptates","officiis"],"anniversary":{"ipsa":"amet","illum":"sint"}}}
2015-10-10 18:08:41 +0900	56	Aniyah Schuster	-2772.080504132075	{"phone_numbers":["1-586-883-9307 x1564"],"profile":{"like_words":["rerum","quasi","quis"],"anniversary":{"facilis":"nam","maiores":"ut"}}}
2015-10-10 00:43:33 +0900	57	Karli Hickle	919.8023504703162	{"phone_numbers":["541.691.4578","739-400-8742"],"profile":{"like_words":["quo","neque","provident"],"anniversary":{"nihil":"consequatur","at":"et"}}}
2015-10-09 07:48:32 +0900	58	Elody Wuckert	-2359.4376129985308	{"phone_numbers":["909.994.7444 x39005","843.917.0299","1-238-108-7727 x17989"],"profile":{"like_words":["nam","debitis","fugiat"],"anniversary":{"quaerat":"delectus","consequatur":"odio"}}}
2015-10-05 00:35:45 +0900	59	Itzel Kuhn	1516.5443619909681	{"phone_numbers":[],"profile":{"like_words":["praesentium","qui","dolorum"],"anniversary":{"voluptas":"et","iure":"illo"}}}
2015-10-09 23:31:41 +0900	60	Richard Kertzmann	-3189.1825883654574	{"phone_numbers":[],"profile":{"like_words":["reiciendis","nostrum","quidem"],"anniversary":{"ex":"aliquid","a":"qui"}}}
2015-10-08 20:18:57 +0900	61	Janick Hermiston	3682.004238496748	{"phone_numbers":[],"profile":{"like_words":["reprehenderit","est","beatae"],"anniversary":{"voluptatem":"id","neque":"nostrum"}}}
2015-10-06 03:10:56 +0900	62	Constantin Hahn	-2502.7343434563977	{"phone_numbers":["479-776-7514 x27905"],"profile":{"like_words":["ullam","voluptatibus","odio"],"anniversary":{"rem":"hic","quia":"id"}}}
2015-10-08 10:06:38 +0900	63	Janae Heathcote	1525.8153088035622	{"phone_numbers":["661.749.6189 x187","(814) 542-9547"],"profile":{"like_words":["ut","aut","accusamus"],"anniversary":{"cum":"sit","ea":"id"}}}
2015-10-09 07:00:19 +0900	64	Miss Derek Connelly	-3305.7365955095793	{"phone_numbers":["(698) 516-9218 x0602","1-111-036-5679","449.179.7832 x70105","372.614.5457"],"profile":{"like_words":["voluptatem","sunt","consequuntur"],"anniversary":{"quia":"labore","beatae":"minima"}}}
2015-10-10 23:40:06 +0900	65	Dr. Verdie Grimes	2897.9575187254713	{"phone_numbers":["(657) 510-4491 x1613","1-568-270-4901","961.626.3867","264.646.2482"],"profile":{"like_words":["beatae","sunt","quas"],"anniversary":{"quo":"nostrum","nihil":"qui"}}}
2015-10-06 17:38:17 +0900	66	Marjory Treutel	-2512.484579055863	{"phone_numbers":["1-593-443-5455 x83020"],"profile":{"like_words":["nostrum","ea","est"],"anniversary":{"molestias":"dolores","nobis":"eos"}}}
2015-10-05 03:47:38 +0900	67	Ms. Dominique Gerhold	3017.48858349882	{"phone_numbers":["664-922-0865","457-347-6579","954-954-8299"],"profile":{"like_words":["suscipit","consectetur","rerum"],"anniversary":{"minus":"quo","sint":"laboriosam"}}}
2015-10-08 21:05:59 +0900	68	Erika Beer	-3494.8352504140703	{"phone_numbers":[],"profile":{"like_words":["dignissimos","reprehenderit","itaque"],"anniversary":{"odio":"nihil","praesentium":"harum"}}}
2015-10-05 19:32:34 +0900	69	Emmalee Rippin	3218.347422610198	{"phone_numbers":["906-884-9287","251.430.7519","892-551-1745 x85256","(249) 602-1525"],"profile":{"like_words":["explicabo","quasi","quia"],"anniversary":{"consequatur":"sunt","ea":"iusto"}}}
2015-10-06 07:04:27 +0900	70	Miss Evert Leuschke	-3117.9131783827206	{"phone_numbers":["(336) 917-4692 x1145","968.169.3858","1-502-540-9114","1-779-600-6620"],"profile":{"like_words":["odio","ipsa","saepe"],"anniversary":{"cumque":"nihil","quidem":"nihil"}}}
2015-10-07 00:08:59 +0900	71	Kasey Nienow	2308.443146809218	{"phone_numbers":["1-690-020-3576","(792) 696-9899"],"profile":{"like_words":["eligendi","est","quo"],"anniversary":{"culpa":"omnis","ut":"in"}}}
2015-10-08 19:23:45 +0900	72	Taylor Ebert	-3017.5726952452765	{"phone_numbers":["(151) 508-2074 x81805","158.738.3745"],"profile":{"like_words":["quia","cumque","omnis"],"anniversary":{"quisquam":"libero","vel":"fugiat"}}}
2015-10-08 13:29:05 +0900	73	Cecilia Boehm DDS	3142.8552447435177	{"phone_numbers":["(540) 866-8951","767-558-9842","140-492-6555 x987","(247) 058-6133"],"profile":{"like_words":["et","sequi","accusantium"],"anniversary":{"et":"explicabo","provident":"eligendi"}}}
2015-10-10 06:23:52 +0900	74	Zola Daugherty	-4346.9288909265515	{"phone_numbers":["694.261.8712","1-417-470-1876","620.765.6750","426-954-9845"],"profile":{"like_words":["nesciunt","quo","ipsam"],"anniversary":{"et":"nam","rem":"magni"}}}
2015-10-07 10:43:35 +0900	75	Dorris Satterfield DDS	3229.8550845544773	{"phone_numbers":["281.801.7005","1-755-629-0615"],"profile":{"like_words":["sit","fugiat","a"],"anniversary":{"cumque":"molestias","sunt":"doloribus"}}}
2015-10-09 23:23:11 +0900	76	Stephania Krajcik	-3948.710489052043	{"phone_numbers":["970.833.5489 x10109","655-357-3915","148-041-9168 x7328","(932) 917-6660"],"profile":{"like_words":["cumque","enim","voluptas"],"anniversary":{"sunt":"et","et":"sit"}}}
2015-10-07 07:12:17 +0900	77	Darrell Legros	3913.7582319434946	{"phone_numbers":["1-644-756-9240 x94545","967.608.2903","(104) 826-9507 x07014"],"profile":{"like_words":["laudantium","ullam","nesciunt"],"anniversary":{"quae":"non","laudantium":"dolor"}}}
2015-10-08 10:30:12 +0900	78	Polly Ratke	-4517.707424646253	{"phone_numbers":["(207) 722-6875 x109","585-097-5162","(338) 697-2066"],"profile":{"like_words":["sit","autem","sit"],"anniversary":{"amet":"distinctio","incidunt":"reiciendis"}}}
2015-10-07 14:01:46 +0900	79	Roxane Watsica	1148.4788928360138	{"phone_numbers":["1-910-048-0165 x084","(632) 669-8185","1-937-782-7986 x318"],"profile":{"like_words":["dolore","iure","officiis"],"anniversary":{"sunt":"accusantium","aut":"commodi"}}}
2015-10-08 10:08:20 +0900	80	Enid Muller	-501.54520131162735	{"phone_numbers":["264.077.5566"],"profile":{"like_words":["magnam","nemo","doloribus"],"anniversary":{"repellendus":"aut","voluptatum":"dolore"}}}
2015-10-09 01:58:35 +0900	81	Ms. Annie Olson	766.3846285682511	{"phone_numbers":["1-870-415-8121 x1013","1-736-816-2734","(482) 026-9679 x48879","1-811-920-1648"],"profile":{"like_words":["facilis","quia","qui"],"anniversary":{"at":"illum","qui":"soluta"}}}
2015-10-08 09:24:33 +0900	82	Mr. Allison Parker	-3848.753667747832	{"phone_numbers":[],"profile":{"like_words":["velit","et","porro"],"anniversary":{"ea":"labore","rerum":"et"}}}
2015-10-09 20:00:40 +0900	83	Monserrate Willms	1757.1794781393883	{"phone_numbers":["275.520.1318 x234","136-159-7660","(354) 797-9219","1-835-745-4393"],"profile":{"like_words":["ipsam","est","sed"],"anniversary":{"recusandae":"repellat","ad":"id"}}}
2015-10-08 09:49:35 +0900	84	Colton Weimann	-4787.601258920462	{"phone_numbers":["1-120-330-3708 x224","1-404-617-8548"],"profile":{"like_words":["ut","iusto","aut"],"anniversary":{"beatae":"in","nam":"molestiae"}}}
2015-10-09 22:19:12 +0900	85	Gay Fisher	622.0515339963873	{"phone_numbers":["1-745-000-4538 x884","(437) 579-8927","1-375-197-8603","638-648-9676"],"profile":{"like_words":["dolor","voluptatibus","numquam"],"anniversary":{"nihil":"soluta","odio":"est"}}}
2015-10-07 16:01:21 +0900	86	Carolyne Shanahan	-4543.494091291478	{"phone_numbers":["449.845.5379 x587","(668) 226-8600","946-251-1177"],"profile":{"like_words":["debitis","magnam","aut"],"anniversary":{"eveniet":"nam","nihil":"consequuntur"}}}
2015-10-10 01:12:17 +0900	87	Jovan Mueller	3273.934355493044	{"phone_numbers":["(927) 389-3068 x422","706.063.5935","768-285-0007"],"profile":{"like_words":["at","eum","rem"],"anniversary":{"optio":"ut","nisi":"est"}}}
2015-10-06 03:59:37 +0900	88	Larue O'Kon Sr.	-3507.3433522027954	{"phone_numbers":["(744) 195-1320","347-485-4459","1-521-350-1041 x1523"],"profile":{"like_words":["autem","minima","reiciendis"],"anniversary":{"voluptate":"ut","iusto":"temporibus"}}}
2015-10-06 21:40:24 +0900	89	Lesly Conn	1985.7808303287427	{"phone_numbers":["600.949.0833 x7267","856-412-4252"],"profile":{"like_words":["exercitationem","veritatis","illum"],"anniversary":{"id":"blanditiis","hic":"iste"}}}
2015-10-05 22:57:32 +0900	90	Courtney Hickle	-3913.6451677336368	{"phone_numbers":["(689) 730-9785","443-627-3678","909-767-6416","938.632.4597"],"profile":{"like_words":["nihil","dolore","est"],"anniversary":{"recusandae":"qui","amet":"suscipit"}}}
2015-10-08 09:50:47 +0900	91	Maryam Bernier III	2835.1888780878467	{"phone_numbers":["1-516-296-4405 x9690","1-561-166-3513","(204) 091-8499"],"profile":{"like_words":["voluptatem","et","non"],"anniversary":{"ut":"itaque","est":"voluptatem"}}}
2015-10-06 12:02:39 +0900	92	Ada Effertz	-2354.9807671571753	{"phone_numbers":["773.602.8464 x29425"],"profile":{"like_words":["eos","iste","impedit"],"anniversary":{"beatae":"sit","deserunt":"ratione"}}}
2015-10-08 10:12:04 +0900	93	Roel Witting	1364.810771315596	{"phone_numbers":["931.732.1810","700-965-7494","1-167-739-4851"],"profile":{"like_words":["eum","culpa","quasi"],"anniversary":{"vel":"quo","ullam":"voluptatum"}}}
2015-10-09 06:16:54 +0900	94	Jevon Bode	-3033.3563074074063	{"phone_numbers":["1-653-381-9114","920.058.9257","169.082.8217","667-284-5869"],"profile":{"like_words":["accusamus","iste","omnis"],"anniversary":{"voluptatibus":"omnis","consequatur":"quis"}}}
2015-10-07 23:24:40 +0900	95	Immanuel Pacocha	1164.97220841131	{"phone_numbers":["(163) 677-4839 x9472","(127) 966-9011","1-599-010-0990","1-927-325-2119"],"profile":{"like_words":["ex","sapiente","unde"],"anniversary":{"distinctio":"et","illum":"sunt"}}}
2015-10-05 01:59:45 +0900	96	Christian Jacobson	-2118.2961781101144	{"phone_numbers":["593.030.1905 x711","989.092.4209","620.559.4132 x99408","1-976-184-0079"],"profile":{"like_words":["neque","facere","odio"],"anniversary":{"ex":"minima","qui":"repellat"}}}
2015-10-06 21:29:06 +0900	97	Mrs. Bertha Rath	3690.3967038919336	{"phone_numbers":["630-214-8026","(258) 454-5216","(265) 815-6080"],"profile":{"like_words":["qui","esse","est"],"anniversary":{"iure":"ab","veniam":"eius"}}}
2015-10-06 13:25:53 +0900	98	Johnnie McGlynn	-1060.280705438417	{"phone_numbers":["679.889.9424 x4608","877.922.7783"],"profile":{"like_words":["porro","pariatur","voluptas"],"anniversary":{"accusantium":"sunt","sed":"dolore"}}}
2015-10-07 11:39:22 +0900	99	Elvis Hettinger V	1182.9831705029599	{"phone_numbers":["846-985-5697 x311","993-451-0317"],"profile":{"like_words":["ipsam","laudantium","accusamus"],"anniversary":{"maiores":"et","similique":"blanditiis"}}}
